Sex,Race,Age,Drug Type,1999,2000,2001,2002,2003,2004,2005,2006,2007,2008,2009,2010,2011,2012,2013,2014,2015,2016,2017,2018,"2018
(single race)"
All,All,"All ages, age adjusted",All,6.1,6.2,6.8,8.2,8.9,9.4,10.1,11.5,11.9,11.9,11.9,12.3,13.2,13.1,13.8,14.7,16.3,19.8,21.7,- - -,20.7
All,All,"All ages, crude",All,6.0,6.2,6.8,8.2,8.9,9.4,10.1,11.5,12.0,12.0,12.1,12.4,13.3,13.2,13.9,14.8,16.3,19.7,21.6,- - -,20.6
All,All,Under 15 years,All,0.1,0.1,0.2,0.2,0.2,0.2,0.2,0.2,0.2,0.2,0.2,0.2,0.2,0.2,0.2,0.2,0.2,0.2,0.2,- - -,0.2
All,All,15–24 years,All,3.2,3.7,4.2,5.1,6.0,6.6,6.9,8.1,8.2,8.0,7.7,8.2,8.6,8.0,8.3,8.6,9.7,12.4,12.6,- - -,10.8
All,All,25–34 years,All,8.1,7.9,8.6,10.5,11.4,11.9,13.6,16.1,16.8,16.8,17.2,18.4,20.2,20.1,20.9,23.1,26.9,34.6,38.4,- - -,35.5
All,All,35–44 years,All,14.0,14.3,15.5,18.1,18.9,19.3,19.6,21.7,21.4,21.1,20.5,20.8,22.5,22.1,23.0,25.0,28.3,35.0,39.0,- - -,38.3
All,All,45–54 years,All,11.1,11.6,13.0,16.2,17.9,19.3,21.1,24.1,25.1,25.2,25.4,25.1,26.7,26.9,27.5,28.2,30.0,34.5,37.7,- - -,35.3
All,All,55–64 years,All,4.2,4.2,4.7,6.0,6.9,7.8,9.0,10.5,12.2,12.9,13.7,15.0,15.9,16.6,19.2,20.3,21.8,25.6,28.0,- - -,28.3
All,All,65–74 years,All,2.4,2.0,2.4,2.8,2.9,2.9,3.2,3.5,4.0,4.6,4.7,4.7,5.4,5.8,6.4,6.9,7.2,8.2,9.2,- - -,10.2
All,All,75–84 years,All,2.8,2.4,2.5,2.8,2.7,2.9,3.1,3.3,3.2,3.3,3.8,3.4,3.4,3.4,3.6,3.6,3.6,3.4,3.6,- - -,3.9
All,All,85 years and over,All,3.8,4.4,3.7,4.4,4.1,4.0,4.1,4.4,4.5,4.1,4.4,4.7,4.2,4.3,4.3,4.1,4.4,4.0,4.0,- - -,3.8
Male,All,"All ages, age adjusted",All,8.2,8.3,9.0,10.6,11.5,11.8,12.8,14.8,14.9,14.9,14.8,15.0,16.1,16.1,17.0,18.3,20.8,26.2,29.1,- - -,27.9
Male,All,"All ages, crude",All,8.2,8.4,9.0,10.6,11.5,11.9,12.9,14.9,15.1,15.0,15.0,15.2,16.3,16.3,17.2,18.4,20.8,26.1,29.0,- - -,27.9
Male,All,Under 15 years,All,0.1,0.2,0.2,0.2,0.2,0.2,0.2,0.2,0.3,0.2,0.2,0.3,0.2,0.2,0.2,0.2,0.2,0.2,0.2,- - -,0.2
Male,All,15–24 years,All,4.5,5.3,6.1,7.3,8.8,9.6,10.0,12.0,12.0,11.9,11.3,11.6,12.4,11.4,11.7,12.1,13.3,17.5,17.1,- - -,14.3
Male,All,25–34 years,All,11.5,11.3,12.0,14.7,15.7,16.6,18.7,22.7,23.4,23.6,24.0,25.0,27.5,27.0,28.6,31.9,37.9,48.9,54.3,- - -,49.6
Male,All,35–44 years,All,19.2,19.5,20.6,23.4,24.3,23.8,24.4,27.5,26.7,25.6,25.2,24.9,26.8,27.1,28.1,30.8,36.3,46.9,53.0,- - -,52.4
Male,All,45–54 years,All,15.2,15.7,17.0,20.3,22.6,23.8,25.8,29.7,29.2,29.6,29.1,28.5,30.4,30.4,31.5,32.9,35.3,42.5,48.3,- - -,46.1
Male,All,55–64 years,All,4.9,4.4,5.3,6.8,7.8,8.6,10.6,12.3,14.0,14.8,16.0,17.3,18.5,19.4,22.7,23.5,26.2,32.2,36.2,- - -,37.2
Male,All,65–74 years,All,2.7,2.1,2.7,2.8,2.9,2.9,3.3,3.5,4.4,4.8,4.8,4.5,5.4,6.2,6.9,7.3,8.5,10.0,11.8,- - -,13.9
Male,All,75–84 years,All,2.5,2.5,2.6,3.1,2.9,2.8,3.4,3.2,3.2,3.2,3.5,3.6,3.4,3.2,3.7,3.8,3.9,3.7,3.7,- - -,4.5
Male,All,85 years and over,All,4.4,5.9,3.6,5.7,4.8,4.8,5.2,4.7,4.9,4.4,5.2,5.1,4.3,5.3,5.9,4.3,5.0,4.6,4.5,- - -,4.0
Female,All,"All ages, age adjusted",All,3.9,4.1,4.6,5.8,6.4,6.9,7.3,8.2,8.8,8.9,9.1,9.6,10.2,10.2,10.6,11.1,11.8,13.4,14.4,- - -,13.6
Female,All,"All ages, crude",All,3.9,4.1,4.6,5.8,6.4,6.9,7.4,8.3,9.0,9.0,9.2,9.8,10.3,10.3,10.7,11.3,11.9,13.5,14.3,- - -,13.5
Female,All,Under 15 years,All,0.1,0.1,0.1,0.2,0.1,0.2,0.2,0.2,0.2,0.2,0.2,0.2,0.2,0.2,0.2,0.2,0.3,0.2,0.3,- - -,0.2
Female,All,15–24 years,All,1.8,1.9,2.2,2.8,3.1,3.3,3.5,3.9,4.2,4.0,4.1,4.6,4.6,4.4,4.8,5.0,5.9,7.0,7.9,- - -,7.1
Female,All,25–34 years,All,4.6,4.6,5.2,6.2,7.1,7.2,8.5,9.5,10.1,9.9,10.4,11.9,12.8,13.1,13.0,14.1,15.7,19.9,22.0,- - -,20.8
Female,All,35–44 years,All,8.7,9.2,10.4,12.8,13.7,14.8,14.8,15.9,16.1,16.5,16.0,16.8,18.2,17.1,18.0,19.2,20.5,23.3,25.1,- - -,24.2
Female,All,45–54 years,All,7.2,7.7,9.1,12.2,13.5,15.0,16.5,18.6,21.0,21.0,21.8,21.8,23.1,23.4,23.6,23.7,24.9,26.7,27.5,- - -,24.8
Female,All,55–64 years,All,3.5,3.9,4.2,5.2,6.1,7.0,7.5,8.8,10.5,11.1,11.6,12.9,13.5,14.0,15.9,17.2,17.6,19.5,20.3,- - -,19.9
Female,All,65–74 years,All,2.1,2.0,2.2,2.8,2.9,3.0,3.1,3.6,3.7,4.4,4.6,4.8,5.3,5.5,5.9,6.5,6.1,6.5,7.0,- - -,7.1
Female,All,75–84 years,All,3.0,2.3,2.4,2.6,2.6,2.9,2.9,3.3,3.2,3.3,3.9,3.3,3.4,3.5,3.4,3.5,3.3,3.2,3.5,- - -,3.5
Female,All,85 years and over,All,3.5,3.9,3.7,3.9,3.8,3.7,3.7,4.2,4.3,4.0,3.9,4.5,4.2,3.8,3.5,4.0,4.1,3.6,3.8,- - -,3.7
Male,White,"All ages, age adjusted",All,8.1,8.4,9.2,11.1,12.2,12.6,13.6,15.7,16.3,16.5,16.4,16.8,18.1,18.1,19.0,20.4,23.2,28.8,31.6,29.9,30.1
Male,Black or African American,"All ages, age adjusted",All,11.5,10.8,11.0,11.5,11.3,11.1,12.8,15.2,13.0,11.3,10.8,10.1,11.0,11.3,12.9,13.8,16.8,24.0,29.7,30.9,31.5
Male,American Indian or Alaska Native,"All ages, age adjusted",All,5.7,6.1,5.9,8.2,9.4,11.2,10.8,13.0,10.5,13.5,14.2,11.8,12.9,12.8,12.9,15.9,16.0,17.7,19.7,21.3,20.3
Male,Asian or Pacific Islander,"All ages, age adjusted",All,1.5,1.4,1.6,1.9,1.7,2.1,2.2,2.3,2.2,2.1,2.8,2.5,3.2,3.1,3.2,3.3,4.1,4.7,5.2,5.7,…
Male,Hispanic or Latino,"All ages, age adjusted",All,8.6,7.1,6.7,8.0,8.3,7.5,8.4,9.1,8.7,8.4,8.2,7.6,8.1,8.5,9.2,9.3,10.9,13.9,15.9,16.6,16.6
Male,"White, not Hispanic or Latino","All ages, age adjusted",All,8.0,8.6,9.6,11.6,12.9,13.7,14.7,17.2,18.0,18.3,18.3,19.0,20.5,20.4,21.4,23.2,26.2,32.7,35.8,33.5,33.8
Male,"Black or African American, not Hispanic or Latino","All ages, age adjusted",All,11.5,10.9,11.2,11.7,11.6,11.4,13.0,15.7,13.3,11.6,11.1,10.5,11.3,11.6,13.3,14.2,17.3,24.7,30.8,32.0,32.4
Male,"American Indian or Alaska Native, not Hispanic or Latino","All ages, age adjusted",All,6.7,6.7,7.5,10.0,12.2,14.7,14.9,17.6,14.5,19.6,21.5,19.0,20.5,20.1,19.9,25.0,25.8,28.3,31.5,34.0,33.1
Male,"Asian or Pacific Islander, not Hispanic or Latino","All ages, age adjusted",All,1.4,1.3,1.5,1.8,1.7,1.9,2.2,2.2,2.1,2.1,2.6,2.4,3.0,3.1,3.2,3.2,4.0,4.6,5.3,5.4,…
Male,"Asian, not Hispanic or Latino","All ages, age adjusted",All,…,…,…,…,…,…,…,…,…,…,…,…,…,…,…,…,…,…,…,…,4.4
Male,"Native Hawaiian or Other Pacific Islander, not Hispanic or Latino","All ages, age adjusted",All,…,…,…,…,…,…,…,…,…,…,…,…,…,…,…,…,…,…,…,…,17.7
Female,White,"All ages, age adjusted",All,4.0,4.3,4.9,6.2,6.9,7.5,8.0,9.0,9.8,10.1,10.3,10.9,11.7,11.6,12.1,12.7,13.6,15.2,16.3,15.2,15.3
Female,Black or African American,"All ages, age adjusted",All,3.9,4.1,4.4,5.0,5.2,5.5,6.0,6.3,6.3,5.4,5.6,5.7,5.9,6.0,6.3,7.0,7.5,10.0,11.2,11.1,11.2
Female,American Indian or Alaska Native,"All ages, age adjusted",All,4.6,3.7,5.2,5.6,7.3,7.9,8.6,7.9,9.9,8.8,9.6,9.7,10.7,12.2,11.6,11.2,11.3,13.1,12.7,12.8,13.1
Female,Asian or Pacific Islander,"All ages, age adjusted",All,1.0,0.8,0.8,1.1,1.2,1.1,1.3,1.4,1.6,1.3,1.3,1.5,1.6,1.4,1.5,1.7,1.5,1.8,2.0,2.1,…
Female,Hispanic or Latino,"All ages, age adjusted",All,2.2,2.0,2.2,2.7,2.9,2.9,3.0,3.4,3.1,3.2,3.5,3.6,4.0,4.0,4.1,4.1,4.4,5.0,5.1,5.2,5.2
Female,"White, not Hispanic or Latino","All ages, age adjusted",All,4.3,4.5,5.3,6.8,7.5,8.3,8.8,10.0,11.0,11.4,11.6,12.5,13.3,13.2,13.8,14.6,15.8,17.7,19.1,17.8,18.0
Female,"Black or African American, not Hispanic or Latino","All ages, age adjusted",All,4.0,4.2,4.4,5.1,5.4,5.6,6.2,6.5,6.5,5.6,5.8,5.9,6.2,6.2,6.5,7.3,7.7,10.4,11.7,11.6,11.6
Female,"American Indian or Alaska Native, not Hispanic or Latino","All ages, age adjusted",All,5.2,4.3,6.5,7.1,9.4,10.4,11.3,10.6,13.8,12.2,14.0,14.8,15.9,17.6,17.5,16.9,16.8,20.2,20.1,20.2,20.7
Female,"Asian or Pacific Islander, not Hispanic or Latino","All ages, age adjusted",All,1.0,0.8,0.8,1.0,1.2,1.1,1.3,1.5,1.5,1.3,1.3,1.4,1.6,1.4,1.5,1.6,1.5,1.7,1.9,2.1,…
Female,"Asian, not Hispanic or Latino","All ages, age adjusted",All,…,…,…,…,…,…,…,…,…,…,…,…,…,…,…,…,…,…,…,…,1.8
Female,"Native Hawaiian or Other Pacific Islander, not Hispanic or Latino","All ages, age adjusted",All,…,…,…,…,…,…,…,…,…,…,…,…,…,…,…,…,…,…,…,…,*
All,All,"All ages, age adjusted",Opioid,2.9,3.0,3.3,4.1,4.5,4.7,5.1,5.9,6.1,6.4,6.6,6.8,7.3,7.4,7.9,9.0,10.4,13.3,14.9,- - -,14.6
All,All,"All ages, crude",Opioid,2.9,3.0,3.3,4.1,4.5,4.7,5.0,5.9,6.1,6.4,6.7,6.8,7.3,7.4,7.9,9.0,10.3,13.1,14.6,- - -,14.3
All,All,Under 15 years,Opioid,*,0.1,0.1,0.1,0.1,0.1,0.1,0.1,0.1,0.1,0.1,0.1,0.1,0.1,0.1,0.1,0.1,0.1,0.1,- - -,0.1
All,All,15–24 years,Opioid,1.6,1.9,2.3,2.9,3.4,3.8,4.0,4.9,5.0,5.3,5.1,5.5,5.8,5.3,5.7,6.2,7.0,9.3,9.5,- - -,8.4
All,All,25–34 years,Opioid,4.1,4.1,4.4,5.6,6.2,6.6,7.4,9.0,9.6,10.0,10.7,11.4,12.6,12.8,13.8,16.2,19.4,25.9,29.1,- - -,28.1
All,All,35–44 years,Opioid,7.2,7.3,7.8,9.5,9.6,9.7,9.6,10.8,11.0,11.2,11.3,11.6,12.4,12.6,13.3,15.6,18.4,24.1,27.3,- - -,27.7
All,All,45–54 years,Opioid,5.4,5.8,6.6,8.4,9.2,9.6,10.7,12.2,12.5,13.2,13.4,13.2,14.0,14.2,14.8,16.1,17.6,21.2,24.1,- - -,23.0
All,All,55–64 years,Opioid,1.5,1.6,2.0,2.4,2.9,3.4,3.9,4.8,5.6,6.2,7.0,7.4,7.8,8.3,9.9,11.1,12.4,15.2,17.0,- - -,17.2
All,All,65–74 years,Opioid,0.5,0.5,0.5,0.8,0.9,1.0,1.2,1.2,1.4,1.7,1.9,1.7,2.1,2.3,2.7,3.3,3.5,4.2,4.9,- - -,5.7
All,All,75–84 years,Opioid,0.4,0.3,0.4,0.5,0.5,0.6,0.7,0.8,0.7,0.7,0.9,0.8,0.8,1.0,0.9,1.0,1.2,1.2,1.4,- - -,1.4
All,All,85 years and over,Opioid,*,*,0.5,0.8,0.7,0.6,1.0,0.8,1.1,0.8,0.8,1.3,0.9,0.9,1.0,1.1,0.9,0.9,1.2,- - -,0.9
Male,All,"All ages, age adjusted",Opioid,4.3,4.4,4.8,5.7,6.1,6.3,6.6,7.8,8.0,8.4,8.7,8.7,9.4,9.5,10.2,11.7,13.7,18.1,20.4,- - -,20.1
Male,All,"All ages, crude",Opioid,4.4,4.4,4.8,5.8,6.2,6.3,6.7,7.9,8.1,8.5,8.7,8.8,9.4,9.5,10.3,11.7,13.7,17.9,20.2,- - -,19.9
Male,All,Under 15 years,Opioid,*,0.1,0.1,0.1,0.1,0.1,0.1,0.1,0.1,0.1,0.1,0.2,0.1,0.1,0.1,0.1,0.1,0.1,0.1,- - -,0.1
Male,All,15–24 years,Opioid,2.4,2.9,3.6,4.3,5.2,5.9,6.0,7.5,7.6,8.1,7.7,8.0,8.6,7.9,8.2,8.9,9.8,13.4,13.0,- - -,11.5
Male,All,25–34 years,Opioid,6.3,6.2,6.6,8.2,8.9,9.4,10.5,13.1,13.9,14.7,15.6,16.2,17.9,17.8,19.7,23.4,28.2,37.3,41.7,- - -,39.8
Male,All,35–44 years,Opioid,10.9,10.7,11.0,12.9,13.0,12.5,12.3,14.2,14.1,14.4,14.8,14.7,15.6,16.3,16.9,20.1,24.5,33.3,38.1,- - -,38.9
Male,All,45–54 years,Opioid,8.2,8.6,9.4,11.4,12.3,12.3,13.6,15.3,14.8,16.0,15.8,15.4,16.3,16.6,17.4,19.2,21.2,26.8,31.5,- - -,30.8
Male,All,55–64 years,Opioid,2.0,1.9,2.4,3.1,3.6,4.1,4.7,5.6,6.5,7.3,8.3,8.7,9.2,10.1,11.9,13.4,15.3,19.3,22.1,- - -,22.9
Male,All,65–74 years,Opioid,0.7,0.5,0.6,0.8,1.0,1.0,1.0,1.3,1.4,1.8,1.9,1.6,2.0,2.4,2.8,3.4,4.4,5.3,6.3,- - -,8.0
Male,All,75–84 years,Opioid,0.5,*,0.5,0.5,0.4,0.5,0.6,0.7,0.6,0.6,0.8,0.8,0.8,0.9,1.0,1.0,1.2,1.4,1.4,- - -,1.7
Male,All,85 years and over,Opioid,*,*,*,*,*,*,*,*,1.4,*,1.3,1.4,*,1.0,1.5,0.9,0.9,1.0,1.2,- - -,1.0
Female,All,"All ages, age adjusted",Opioid,1.4,1.6,1.9,2.6,2.8,3.1,3.4,3.9,4.3,4.4,4.6,4.9,5.2,5.3,5.6,6.3,7.1,8.5,9.4,- - -,9.0
Female,All,"All ages, crude",Opioid,1.4,1.6,1.9,2.6,2.8,3.1,3.4,3.9,4.3,4.4,4.7,4.9,5.3,5.3,5.6,6.3,7.0,8.4,9.2,- - -,8.9
Female,All,Under 15 years,Opioid,*,*,*,*,*,0.1,*,0.1,0.1,0.1,0.1,0.1,0.1,0.1,0.1,0.1,0.1,0.1,0.1,- - -,0.1
Female,All,15–24 years,Opioid,0.7,0.7,1.0,1.4,1.5,1.6,1.8,2.1,2.3,2.3,2.5,2.8,2.9,2.7,3.0,3.3,4.1,4.9,5.7,- - -,5.2
Female,All,25–34 years,Opioid,2.0,2.0,2.3,3.0,3.3,3.6,4.3,4.8,5.3,5.2,5.8,6.6,7.3,7.7,7.7,8.8,10.5,14.1,16.1,- - -,16.0
Female,All,35–44 years,Opioid,3.5,3.8,4.6,6.1,6.2,6.8,6.9,7.4,7.8,8.0,8.0,8.5,9.3,8.9,9.8,11.2,12.5,15.0,16.5,- - -,16.5
Female,All,45–54 years,Opioid,2.7,3.1,3.8,5.5,6.2,7.0,7.8,9.3,10.2,10.5,11.1,11.1,11.7,12.0,12.2,13.1,14.0,15.8,16.9,- - -,15.4
Female,All,55–64 years,Opioid,1.1,1.4,1.5,1.8,2.3,2.8,3.2,4.0,4.7,5.1,5.8,6.2,6.4,6.7,7.9,9.0,9.8,11.5,12.3,- - -,11.9
Female,All,65–74 years,Opioid,0.4,0.5,0.5,0.9,0.8,1.0,1.4,1.2,1.4,1.6,1.9,1.8,2.1,2.2,2.6,3.1,2.8,3.3,3.6,- - -,3.6
Female,All,75–84 years,Opioid,0.4,*,0.4,0.4,0.6,0.7,0.7,0.8,0.8,0.9,1.0,0.8,0.7,1.0,0.8,1.1,1.1,1.1,1.4,- - -,1.2
Female,All,85 years and over,Opioid,*,*,*,0.6,0.8,*,0.9,0.9,0.9,0.9,0.6,1.2,0.9,0.9,0.8,1.2,0.9,0.8,1.1,- - -,0.9
Male,White,"All ages, age adjusted",Opioid,4.4,4.5,5.0,6.1,6.7,7.0,7.4,8.7,9.1,9.7,9.9,10.1,10.8,11.0,11.7,13.4,15.8,20.4,22.7,22.0,22.3
Male,Black or African American,"All ages, age adjusted",Opioid,5.7,5.6,5.3,5.3,5.0,4.4,4.8,6.0,4.6,4.5,4.7,4.1,4.7,5.1,6.3,7.4,9.1,14.7,18.7,20.6,20.9
Male,American Indian or Alaska Native,"All ages, age adjusted",Opioid,3.2,3.4,3.0,4.4,5.1,6.2,5.7,6.9,5.8,8.0,10.0,6.3,7.2,7.9,7.2,9.7,9.3,10.2,11.9,11.7,10.6
Male,Asian or Pacific Islander,"All ages, age adjusted",Opioid,*,0.5,0.4,0.8,0.5,0.7,0.9,0.8,0.7,0.7,0.9,0.9,1.3,1.1,1.3,1.4,1.7,2.3,2.4,2.5,…
Male,Hispanic or Latino,"All ages, age adjusted",Opioid,5.8,4.5,4.2,4.8,5.1,4.3,4.5,4.9,4.9,5.1,4.8,4.1,4.6,5.0,5.6,5.7,6.7,9.2,10.5,11.6,11.6
Male,"White, not Hispanic or Latino","All ages, age adjusted",Opioid,4.1,4.4,5.1,6.4,7.0,7.6,8.0,9.6,10.1,10.8,11.1,11.6,12.4,12.5,13.3,15.5,18.1,23.4,26.1,25.0,25.3
Male,"Black or African American, not Hispanic or Latino","All ages, age adjusted",Opioid,5.7,5.7,5.4,5.4,5.1,4.5,4.8,6.2,4.7,4.5,4.9,4.3,4.9,5.3,6.5,7.6,9.3,15.1,19.4,21.2,21.5
Male,"American Indian or Alaska Native, not Hispanic or Latino","All ages, age adjusted",Opioid,3.6,3.7,3.8,5.1,6.3,8.2,7.8,9.1,8.2,11.5,15.2,10.0,11.7,12.2,11.3,15.2,14.9,16.1,19.5,18.3,16.8
Male,"Asian or Pacific Islander, not Hispanic or Latino","All ages, age adjusted",Opioid,*,0.5,0.4,0.8,0.5,0.6,0.9,0.7,0.6,0.7,0.9,0.9,1.2,1.2,1.3,1.3,1.7,2.3,2.3,2.4,…
Male,"Asian, not Hispanic or Latino","All ages, age adjusted",Opioid,…,…,…,…,…,…,…,…,…,…,…,…,…,…,…,…,…,…,…,…,2.1
Male,"Native Hawaiian or Other Pacific Islander, not Hispanic or Latino","All ages, age adjusted",Opioid,…,…,…,…,…,…,…,…,…,…,…,…,…,…,…,…,…,…,…,…,*
Female,White,"All ages, age adjusted",Opioid,1.5,1.7,2.1,2.8,3.1,3.5,3.8,4.4,4.9,5.0,5.3,5.6,6.1,6.1,6.6,7.4,8.2,9.7,10.7,10.2,10.3
Female,Black or African American,"All ages, age adjusted",Opioid,1.5,1.5,1.6,2.0,2.0,2.0,2.1,2.4,2.4,2.3,2.4,2.5,2.6,2.8,3.0,3.6,4.0,5.9,6.9,7.4,7.4
Female,American Indian or Alaska Native,"All ages, age adjusted",Opioid,1.9,1.4,2.5,2.6,3.3,3.3,4.6,3.6,5.2,5.2,5.3,5.7,5.9,6.8,6.5,5.8,6.5,7.6,7.5,6.7,6.9
Female,Asian or Pacific Islander,"All ages, age adjusted",Opioid,*,*,*,*,*,0.3,0.4,0.4,0.4,0.5,0.4,0.5,0.5,0.5,0.4,0.6,0.5,0.8,0.9,0.8,…
Female,Hispanic or Latino,"All ages, age adjusted",Opioid,1.0,0.8,1.0,1.5,1.3,1.4,1.4,1.6,1.5,1.6,1.6,1.6,1.9,1.9,2.1,2.3,2.4,3.0,3.1,3.3,3.3
Female,"White, not Hispanic or Latino","All ages, age adjusted",Opioid,1.6,1.8,2.2,3.1,3.4,3.9,4.3,4.9,5.5,5.7,6.1,6.5,7.0,7.0,7.6,8.5,9.6,11.4,12.7,12.1,12.2
Female,"Black or African American, not Hispanic or Latino","All ages, age adjusted",Opioid,1.6,1.6,1.6,2.0,2.1,2.1,2.2,2.5,2.5,2.4,2.5,2.6,2.7,2.9,3.1,3.7,4.1,6.1,7.2,7.7,7.6
Female,"American Indian or Alaska Native, not Hispanic or Latino","All ages, age adjusted",Opioid,2.2,1.8,3.2,3.2,4.3,4.4,6.0,5.1,7.4,7.2,7.6,8.7,9.0,9.8,9.9,8.9,9.4,11.8,12.0,10.3,10.8
Female,"Asian or Pacific Islander, not Hispanic or Latino","All ages, age adjusted",Opioid,*,*,*,*,*,*,0.4,0.4,0.3,0.5,0.4,0.5,0.5,0.5,0.4,0.6,0.5,0.8,0.9,0.8,…
Female,"Asian, not Hispanic or Latino","All ages, age adjusted",Opioid,…,…,…,…,…,…,…,…,…,…,…,…,…,…,…,…,…,…,…,…,0.6
Female,"Native Hawaiian or Other Pacific Islander, not Hispanic or Latino","All ages, age adjusted",Opioid,…,…,…,…,…,…,…,…,…,…,…,…,…,…,…,…,…,…,…,…,*
All,All,"All ages, age adjusted",natural/semisynthetic opioids,1.0,1.0,1.2,1.5,1.7,1.8,1.9,2.3,2.7,3.0,3.1,3.5,3.7,3.5,3.5,3.8,3.9,4.4,4.4,- - -,3.8
All,All,"All ages, crude",natural/semisynthetic opioids,1.0,1.0,1.2,1.5,1.7,1.8,2.0,2.4,2.7,3.0,3.2,3.5,3.8,3.5,3.6,3.8,4.0,4.5,4.5,- - -,3.8
All,All,Under 15 years,natural/semisynthetic opioids,*,*,0.0,0.0,0.0,0.1,0.0,0.0,0.1,0.1,0.1,0.1,0.1,0.1,0.1,0.1,0.1,0.1,0.1,- - -,0.0
All,All,15–24 years,natural/semisynthetic opioids,0.5,0.5,0.9,0.9,1.1,1.2,1.2,1.6,1.8,2.0,2.0,2.4,2.4,1.9,1.7,1.7,1.6,2.3,2.1,- - -,1.6
All,All,25–34 years,natural/semisynthetic opioids,1.3,1.3,1.4,1.9,2.1,2.1,2.5,3.2,3.8,4.1,4.5,5.3,5.6,4.9,4.9,4.9,5.3,6.3,6.3,- - -,5.2
All,All,35–44 years,natural/semisynthetic opioids,2.3,2.4,2.8,3.4,3.5,3.6,3.7,4.2,4.8,5.2,5.5,6.1,6.5,6.2,5.9,6.5,6.9,7.7,7.7,- - -,6.7
All,All,45–54 years,natural/semisynthetic opioids,2.0,2.2,2.5,3.3,3.6,3.9,4.4,5.1,5.8,6.5,6.8,7.3,7.9,7.6,7.8,8.0,8.1,8.7,8.6,- - -,7.0
All,All,55–64 years,natural/semisynthetic opioids,0.7,0.7,0.9,1.1,1.4,1.7,1.9,2.4,3.0,3.4,3.7,4.2,4.5,4.7,5.4,6.1,6.4,7.2,7.1,- - -,6.5
All,All,65–74 years,natural/semisynthetic opioids,0.3,0.3,0.3,0.4,0.5,0.5,0.7,0.7,0.8,1.0,1.2,1.1,1.4,1.6,1.7,2.1,2.1,2.3,2.5,- - -,2.6
All,All,75–84 years,natural/semisynthetic opioids,0.2,*,0.2,0.3,0.3,0.4,0.4,0.4,0.4,0.5,0.6,0.5,0.6,0.6,0.6,0.8,0.9,0.9,1.0,- - -,1.1
All,All,85 years and over,natural/semisynthetic opioids,*,*,*,*,0.5,*,0.6,0.5,0.7,0.5,0.5,0.9,0.7,0.7,0.8,0.7,0.7,0.6,0.9,- - -,0.7
Male,All,"All ages, age adjusted",natural/semisynthetic opioids,1.4,1.4,1.6,2.0,2.2,2.2,2.4,2.9,3.3,3.7,3.8,4.3,4.4,4.0,4.1,4.2,4.4,5.2,5.2,- - -,4.5
Male,All,"All ages, crude",natural/semisynthetic opioids,1.4,1.5,1.7,2.0,2.2,2.3,2.4,2.9,3.3,3.7,3.9,4.4,4.5,4.1,4.1,4.3,4.5,5.3,5.2,- - -,4.5
Male,All,Under 15 years,natural/semisynthetic opioids,*,*,*,*,*,*,*,*,*,0.1,0.1,0.1,0.1,0.1,0.1,0.1,0.1,0.1,*,- - -,*
Male,All,15–24 years,natural/semisynthetic opioids,0.7,0.8,1.3,1.3,1.7,1.8,1.9,2.3,2.6,3.0,2.8,3.5,3.3,2.7,2.6,2.3,2.2,3.3,2.8,- - -,2.2
Male,All,25–34 years,natural/semisynthetic opioids,2.0,1.9,2.0,2.7,2.9,2.9,3.4,4.4,5.2,5.9,6.3,7.1,7.5,6.3,6.4,6.5,7.0,8.4,8.3,- - -,7.0
Male,All,35–44 years,natural/semisynthetic opioids,3.6,3.4,3.7,4.4,4.5,4.5,4.4,5.3,5.8,6.3,6.6,7.5,7.7,7.1,6.6,7.2,7.8,9.1,9.5,- - -,8.0
Male,All,45–54 years,natural/semisynthetic opioids,2.8,3.1,3.3,4.2,4.5,4.7,5.3,5.8,6.4,7.4,7.6,8.3,8.6,8.0,8.2,8.4,8.2,9.3,9.3,- - -,7.6
Male,All,55–64 years,natural/semisynthetic opioids,0.8,0.7,0.9,1.3,1.6,1.8,2.0,2.6,3.3,3.7,4.1,4.7,5.0,5.0,5.7,6.3,6.8,7.8,7.5,- - -,7.3
Male,All,65–74 years,natural/semisynthetic opioids,0.4,0.3,0.3,0.4,0.5,0.5,0.5,0.7,0.8,1.1,1.2,1.0,1.2,1.6,1.6,1.9,2.3,2.4,2.6,- - -,3.0
Male,All,75–84 years,natural/semisynthetic opioids,*,*,*,*,*,*,0.4,*,*,*,0.5,0.5,0.6,0.5,0.7,0.7,0.9,0.9,0.8,- - -,1.2
Male,All,85 years and over,natural/semisynthetic opioids,*,*,*,*,*,*,*,*,*,*,*,*,*,*,1.1,*,*,*,0.9,- - -,*
Female,All,"All ages, age adjusted",natural/semisynthetic opioids,0.5,0.6,0.8,1.1,1.2,1.3,1.5,1.8,2.1,2.3,2.4,2.7,3.0,3.0,3.0,3.3,3.4,3.6,3.6,- - -,3.1
Female,All,"All ages, crude",natural/semisynthetic opioids,0.5,0.6,0.8,1.1,1.2,1.3,1.5,1.8,2.1,2.3,2.5,2.8,3.0,3.0,3.1,3.4,3.4,3.7,3.7,- - -,3.1
Female,All,Under 15 years,natural/semisynthetic opioids,*,*,*,*,*,*,*,*,0.1,0.1,*,*,*,*,*,0.1,0.1,0.1,0.1,- - -,*
Female,All,15–24 years,natural/semisynthetic opioids,0.3,0.3,0.3,0.5,0.5,0.5,0.6,0.8,0.9,0.9,1.0,1.3,1.4,1.1,0.9,0.9,1.0,1.2,1.4,- - -,1.0
Female,All,25–34 years,natural/semisynthetic opioids,0.7,0.8,0.8,1.1,1.3,1.3,1.6,2.0,2.4,2.4,2.7,3.4,3.6,3.5,3.3,3.2,3.5,4.2,4.3,- - -,3.4
Female,All,35–44 years,natural/semisynthetic opioids,1.1,1.4,1.9,2.4,2.5,2.8,2.9,3.2,3.9,4.2,4.4,4.8,5.3,5.3,5.2,5.9,6.1,6.3,5.8,- - -,5.4
Female,All,45–54 years,natural/semisynthetic opioids,1.1,1.3,1.8,2.4,2.8,3.2,3.5,4.5,5.2,5.6,6.0,6.4,7.1,7.2,7.3,7.7,7.9,8.1,8.0,- - -,6.4
Female,All,55–64 years,natural/semisynthetic opioids,0.6,0.7,0.8,1.0,1.3,1.5,1.7,2.3,2.6,3.1,3.4,3.6,4.0,4.5,5.0,5.9,5.9,6.5,6.6,- - -,5.9
Female,All,65–74 years,natural/semisynthetic opioids,0.2,0.3,0.3,0.5,0.5,0.6,0.8,0.8,0.8,1.0,1.1,1.3,1.5,1.5,1.8,2.3,1.9,2.3,2.3,- - -,2.3
Female,All,75–84 years,natural/semisynthetic opioids,*,*,*,0.3,0.4,0.4,0.5,0.4,0.4,0.6,0.6,0.5,0.5,0.7,0.6,0.8,0.9,0.8,1.1,- - -,1.0
Female,All,85 years and over,natural/semisynthetic opioids,*,*,*,*,*,*,*,0.6,*,0.7,*,0.8,0.7,0.6,0.7,0.8,0.7,0.5,0.9,- - -,0.7
Male,White,"All ages, age adjusted",natural/semisynthetic opioids,1.6,1.6,1.8,2.2,2.5,2.6,2.7,3.3,3.8,4.3,4.5,5.1,5.3,4.7,4.7,4.9,5.1,6.0,5.9,5.1,5.1
Male,Black or African American,"All ages, age adjusted",natural/semisynthetic opioids,1.0,0.9,0.9,1.0,0.9,1.1,1.1,1.2,1.2,1.4,1.5,1.5,1.5,1.5,1.8,2.2,2.3,3.1,3.5,3.3,3.4
Male,American Indian or Alaska Native,"All ages, age adjusted",natural/semisynthetic opioids,*,*,*,2.0,1.6,2.2,2.2,3.2,2.2,3.3,4.2,3.6,3.1,4.2,3.6,4.4,4.3,3.6,3.8,2.5,2.2
Male,Asian or Pacific Islander,"All ages, age adjusted",natural/semisynthetic opioids,*,*,*,0.4,*,*,0.3,0.4,0.3,0.3,0.5,0.5,0.7,0.5,0.6,0.6,0.6,0.7,0.7,0.7,…
Male,Hispanic or Latino,"All ages, age adjusted",natural/semisynthetic opioids,2.3,1.5,1.4,1.7,1.7,1.4,1.5,1.7,2.0,2.0,1.9,1.6,1.9,1.7,2.0,1.7,1.8,2.1,2.4,2.1,2.1
Male,"White, not Hispanic or Latino","All ages, age adjusted",natural/semisynthetic opioids,1.4,1.6,1.9,2.4,2.6,2.8,3.0,3.6,4.2,4.8,5.0,5.9,6.0,5.4,5.4,5.6,6.0,7.0,6.9,5.9,5.9
Male,"Black or African American, not Hispanic or Latino","All ages, age adjusted",natural/semisynthetic opioids,1.0,0.9,0.9,1.0,0.9,1.1,1.2,1.3,1.2,1.4,1.5,1.5,1.6,1.6,1.8,2.2,2.4,3.3,3.6,3.4,3.5
Male,"American Indian or Alaska Native, not Hispanic or Latino","All ages, age adjusted",natural/semisynthetic opioids,*,*,*,2.2,2.0,2.9,3.0,4.1,2.9,4.8,6.4,5.6,4.8,6.3,5.6,6.9,6.9,5.4,6.1,3.9,3.5
Male,"Asian or Pacific Islander, not Hispanic or Latino","All ages, age adjusted",natural/semisynthetic opioids,*,*,*,0.4,*,*,0.3,0.3,*,0.3,0.4,0.5,0.6,0.5,0.6,0.5,0.6,0.8,0.7,0.7,…
Male,"Asian, not Hispanic or Latino","All ages, age adjusted",natural/semisynthetic opioids,…,…,…,…,…,…,…,…,…,…,…,…,…,…,…,…,…,…,…,…,0.6
Male,"Native Hawaiian or Other Pacific Islander, not Hispanic or Latino","All ages, age adjusted",natural/semisynthetic opioids,…,…,…,…,…,…,…,…,…,…,…,…,…,…,…,…,…,…,…,…,*
Female,White,"All ages, age adjusted",natural/semisynthetic opioids,0.6,0.7,0.9,1.2,1.4,1.5,1.7,2.1,2.4,2.6,2.8,3.2,3.5,3.5,3.5,3.8,3.9,4.2,4.2,3.5,3.6
Female,Black or African American,"All ages, age adjusted",natural/semisynthetic opioids,0.3,0.3,0.4,0.6,0.6,0.7,0.8,0.8,0.9,1.0,1.2,1.3,1.3,1.5,1.5,1.7,1.8,2.2,2.2,2.0,2.0
Female,American Indian or Alaska Native,"All ages, age adjusted",natural/semisynthetic opioids,*,*,*,*,1.6,1.5,1.9,1.2,2.7,2.1,3.0,2.8,3.0,3.6,3.7,3.8,3.3,3.5,3.4,2.5,2.6
Female,Asian or Pacific Islander,"All ages, age adjusted",natural/semisynthetic opioids,*,*,*,*,*,*,*,*,*,0.4,0.3,0.4,0.3,0.4,0.2,0.3,0.2,0.4,0.4,0.3,…
Female,Hispanic or Latino,"All ages, age adjusted",natural/semisynthetic opioids,0.3,0.3,0.3,0.6,0.5,0.6,0.6,0.8,0.7,0.8,0.8,0.8,0.9,1.1,1.0,1.1,1.1,1.2,1.1,1.0,1.0
Female,"White, not Hispanic or Latino","All ages, age adjusted",natural/semisynthetic opioids,0.6,0.8,1.0,1.3,1.5,1.7,1.9,2.3,2.7,3.0,3.2,3.6,4.1,3.9,4.0,4.4,4.6,4.9,4.9,4.2,4.2
Female,"Black or African American, not Hispanic or Latino","All ages, age adjusted",natural/semisynthetic opioids,0.3,0.3,0.4,0.6,0.6,0.7,0.8,0.9,0.9,1.1,1.2,1.3,1.4,1.5,1.5,1.8,1.9,2.3,2.3,2.1,2.1
Female,"American Indian or Alaska Native, not Hispanic or Latino","All ages, age adjusted",natural/semisynthetic opioids,*,*,*,*,2.0,2.0,2.3,1.6,3.9,2.8,4.3,4.3,4.7,5.1,5.6,5.6,4.8,5.5,5.3,4.0,4.0
Female,"Asian or Pacific Islander, not Hispanic or Latino","All ages, age adjusted",natural/semisynthetic opioids,*,*,*,*,*,*,*,*,*,0.4,*,0.4,0.3,0.4,0.2,0.3,0.2,0.4,0.4,0.3,…
Female,"Asian, not Hispanic or Latino","All ages, age adjusted",natural/semisynthetic opioids,…,…,…,…,…,…,…,…,…,…,…,…,…,…,…,…,…,…,…,…,0.3
Female,"Native Hawaiian or Other Pacific Islander, not Hispanic or Latino","All ages, age adjusted",natural/semisynthetic opioids,…,…,…,…,…,…,…,…,…,…,…,…,…,…,…,…,…,…,…,…,*
All,All,"All ages, age adjusted",methadone,0.3,0.4,0.5,0.8,1.0,1.3,1.5,1.8,1.8,1.6,1.5,1.5,1.4,1.2,1.1,1.1,1.0,1.0,1.0,- - -,0.9
All,All,"All ages, crude",methadone,0.3,0.4,0.5,0.8,1.0,1.3,1.5,1.8,1.8,1.6,1.5,1.5,1.4,1.3,1.1,1.1,1.0,1.0,1.0,- - -,0.9
All,All,Under 15 years,methadone,*,*,*,*,*,0.0,0.0,0.0,0.0,0.1,*,0.0,*,*,*,*,*,*,*,- - -,*
All,All,15–24 years,methadone,0.1,0.2,0.4,0.7,1.1,1.4,1.4,1.9,2.0,1.6,1.4,1.3,1.1,0.8,0.6,0.5,0.5,0.4,0.4,- - -,0.3
All,All,25–34 years,methadone,0.4,0.5,0.7,1.2,1.4,2.1,2.5,3.1,3.3,2.8,2.7,2.8,2.6,2.3,2.0,1.8,1.7,1.7,1.5,- - -,1.3
All,All,35–44 years,methadone,0.8,0.9,1.2,1.8,2.2,2.6,2.8,3.2,3.0,2.6,2.5,2.4,2.5,2.2,2.1,1.9,1.8,2.0,1.8,- - -,1.8
All,All,45–54 years,methadone,0.5,0.7,1.0,1.7,2.1,2.5,3.0,3.5,3.5,3.3,3.0,2.8,2.7,2.3,2.1,2.0,2.0,1.8,1.8,- - -,1.7
All,All,55–64 years,methadone,0.1,0.2,0.3,0.4,0.5,0.7,1.0,1.1,1.4,1.2,1.5,1.5,1.5,1.5,1.5,1.6,1.6,1.7,1.7,- - -,1.6
All,All,65–74 years,methadone,*,*,*,0.1,*,0.2,0.2,0.3,0.2,0.2,0.3,0.2,0.3,0.3,0.4,0.3,0.4,0.4,0.5,- - -,0.6
All,All,75–84 years,methadone,*,*,*,*,*,*,*,*,*,*,*,*,*,*,*,*,*,*,*,- - -,*
All,All,85 years and over,methadone,*,*,*,*,*,*,*,*,*,*,*,*,*,*,*,*,*,*,*,- - -,*
Male,All,"All ages, age adjusted",methadone,0.4,0.4,0.7,1.0,1.3,1.7,2.0,2.4,2.4,2.1,2.0,1.9,1.8,1.6,1.4,1.3,1.2,1.3,1.1,- - -,1.1
Male,All,"All ages, crude",methadone,0.4,0.5,0.7,1.1,1.4,1.7,2.0,2.5,2.4,2.1,2.0,1.9,1.8,1.6,1.4,1.3,1.2,1.3,1.2,- - -,1.1
Male,All,Under 15 years,methadone,*,*,*,*,*,*,*,*,0.1,*,*,*,*,*,*,*,*,*,*,- - -,*
Male,All,15–24 years,methadone,0.2,0.3,0.6,1.1,1.7,2.3,2.2,3.0,3.0,2.5,2.2,1.9,1.7,1.2,0.9,0.8,0.7,0.6,0.5,- - -,0.4
Male,All,25–34 years,methadone,0.5,0.6,0.9,1.6,1.8,2.9,3.4,4.5,4.8,4.1,3.8,4.0,3.5,3.2,2.6,2.4,2.2,2.2,1.8,- - -,1.5
Male,All,35–44 years,methadone,1.0,1.1,1.5,2.1,2.6,3.1,3.5,4.0,3.7,3.2,3.2,2.9,3.0,2.7,2.3,2.2,2.1,2.4,2.0,- - -,2.1
Male,All,45–54 years,methadone,0.7,0.9,1.4,2.1,2.6,3.0,3.7,4.3,4.1,3.9,3.3,3.2,3.0,2.5,2.3,2.1,2.0,2.0,2.0,- - -,1.9
Male,All,55–64 years,methadone,*,0.2,0.4,0.5,0.7,0.8,1.3,1.4,1.7,1.5,1.9,1.9,1.7,1.9,1.8,1.9,1.8,2.1,2.0,- - -,1.8
Male,All,65–74 years,methadone,*,*,*,*,*,*,*,0.3,*,0.3,0.4,0.2,0.3,0.3,0.4,0.4,0.6,0.5,0.6,- - -,0.9
Male,All,75–84 years,methadone,*,*,*,*,*,*,*,*,*,*,*,*,*,*,*,*,*,*,*,- - -,*
Male,All,85 years and over,methadone,*,*,*,*,*,*,*,*,*,*,*,*,*,*,*,*,*,*,*,- - -,*
Female,All,"All ages, age adjusted",methadone,0.2,0.2,0.3,0.6,0.7,0.9,1.0,1.2,1.3,1.1,1.1,1.1,1.1,0.9,0.9,0.9,0.8,0.8,0.8,- - -,0.7
Female,All,"All ages, crude",methadone,0.2,0.2,0.3,0.6,0.7,0.9,1.0,1.2,1.3,1.1,1.1,1.0,1.1,0.9,0.9,0.9,0.8,0.8,0.8,- - -,0.8
Female,All,Under 15 years,methadone,*,*,*,*,*,*,*,*,*,*,*,*,*,*,*,*,*,*,*,- - -,*
Female,All,15–24 years,methadone,*,*,0.2,0.3,0.4,0.5,0.6,0.7,0.9,0.7,0.6,0.6,0.4,0.4,0.3,0.3,0.2,0.2,0.2,- - -,0.2
Female,All,25–34 years,methadone,0.3,0.3,0.4,0.7,0.9,1.3,1.5,1.7,1.8,1.6,1.6,1.6,1.7,1.5,1.3,1.2,1.1,1.2,1.1,- - -,1.0
Female,All,35–44 years,methadone,0.6,0.7,0.9,1.4,1.8,2.1,2.1,2.4,2.4,2.0,1.8,1.9,2.0,1.7,1.9,1.6,1.5,1.6,1.6,- - -,1.4
Female,All,45–54 years,methadone,0.4,0.5,0.7,1.2,1.5,1.9,2.4,2.7,2.9,2.7,2.6,2.4,2.4,2.1,1.8,1.9,1.9,1.7,1.5,- - -,1.6
Female,All,55–64 years,methadone,*,*,0.2,0.3,0.4,0.6,0.7,0.8,1.0,0.9,1.0,1.2,1.2,1.1,1.3,1.3,1.4,1.4,1.4,- - -,1.4
Female,All,65–74 years,methadone,*,*,*,*,*,*,0.2,0.2,*,0.2,0.2,0.2,0.2,0.2,0.4,0.3,0.3,0.2,0.3,- - -,0.3
Female,All,75–84 years,methadone,*,*,*,*,*,*,*,*,*,*,*,*,*,*,*,*,*,*,*,- - -,*
Female,All,85 years and over,methadone,*,*,*,*,*,*,*,*,*,*,*,*,*,*,*,*,*,*,*,- - -,*
Male,White,"All ages, age adjusted",methadone,0.4,0.5,0.7,1.2,1.6,2.0,2.3,2.8,2.8,2.5,2.3,2.3,2.1,1.8,1.6,1.5,1.4,1.4,1.3,1.2,1.2
Male,Black or African American,"All ages, age adjusted",methadone,0.2,0.3,0.4,0.5,0.5,0.6,0.9,1.0,1.0,0.8,0.8,0.7,0.7,0.7,0.7,0.6,0.7,0.8,1.0,0.9,1.0
Male,American Indian or Alaska Native,"All ages, age adjusted",methadone,*,*,*,*,*,2.0,1.8,2.1,1.6,2.3,2.6,1.6,1.9,1.4,1.0,1.2,1.1,1.0,1.2,*,*
Male,Asian or Pacific Islander,"All ages, age adjusted",methadone,*,*,*,*,*,*,*,*,*,*,*,*,0.2,0.2,*,*,*,*,*,*,…
Male,Hispanic or Latino,"All ages, age adjusted",methadone,0.4,0.2,0.4,0.4,0.6,0.6,0.7,0.8,0.9,0.8,0.7,0.8,0.6,0.7,0.6,0.6,0.6,0.7,0.7,0.6,0.6
Male,"White, not Hispanic or Latino","All ages, age adjusted",methadone,0.4,0.5,0.8,1.4,1.7,2.3,2.6,3.3,3.3,2.9,2.7,2.6,2.4,2.1,1.8,1.7,1.6,1.6,1.5,1.4,1.4
Male,"Black or African American, not Hispanic or Latino","All ages, age adjusted",methadone,0.2,0.2,0.4,0.5,0.5,0.7,0.9,1.0,1.0,0.7,0.8,0.7,0.8,0.7,0.7,0.6,0.7,0.8,1.0,0.9,1.0
Male,"American Indian or Alaska Native, not Hispanic or Latino","All ages, age adjusted",methadone,*,*,*,*,*,2.7,2.7,2.9,2.3,3.4,4.1,2.5,3.3,2.2,1.6,1.9,1.9,1.5,2.0,*,*
Male,"Asian or Pacific Islander, not Hispanic or Latino","All ages, age adjusted",methadone,*,*,*,*,*,*,*,*,*,*,*,*,*,0.3,*,*,*,*,*,*,…
Male,"Asian, not Hispanic or Latino","All ages, age adjusted",methadone,…,…,…,…,…,…,…,…,…,…,…,…,…,…,…,…,…,…,…,…,*
Male,"Native Hawaiian or Other Pacific Islander, not Hispanic or Latino","All ages, age adjusted",methadone,…,…,…,…,…,…,…,…,…,…,…,…,…,…,…,…,…,…,…,…,*
Female,White,"All ages, age adjusted",methadone,0.2,0.3,0.4,0.7,0.8,1.0,1.2,1.3,1.4,1.3,1.2,1.2,1.2,1.1,1.1,1.0,1.0,0.9,0.9,0.9,0.9
Female,Black or African American,"All ages, age adjusted",methadone,0.2,0.2,0.2,0.3,0.3,0.5,0.5,0.7,0.7,0.5,0.5,0.5,0.6,0.4,0.5,0.6,0.5,0.6,0.6,0.5,0.6
Female,American Indian or Alaska Native,"All ages, age adjusted",methadone,*,*,*,*,*,*,1.4,1.4,1.5,1.7,1.2,1.9,1.3,1.5,1.3,*,*,*,0.9,*,*
Female,Asian or Pacific Islander,"All ages, age adjusted",methadone,*,*,*,*,*,*,*,*,*,*,*,*,*,*,*,*,*,*,*,*,…
Female,Hispanic or Latino,"All ages, age adjusted",methadone,*,0.1,0.2,0.2,0.3,0.3,0.4,0.4,0.3,0.4,0.4,0.4,0.4,0.3,0.3,0.3,0.3,0.3,0.3,0.4,0.4
Female,"White, not Hispanic or Latino","All ages, age adjusted",methadone,0.2,0.3,0.4,0.7,0.9,1.2,1.3,1.5,1.7,1.5,1.4,1.4,1.4,1.3,1.2,1.2,1.1,1.1,1.1,1.0,1.0
Female,"Black or African American, not Hispanic or Latino","All ages, age adjusted",methadone,0.2,0.2,0.2,0.3,0.3,0.5,0.6,0.7,0.7,0.5,0.5,0.6,0.6,0.5,0.5,0.6,0.5,0.6,0.6,0.6,0.6
Female,"American Indian or Alaska Native, not Hispanic or Latino","All ages, age adjusted",methadone,*,*,*,*,*,*,1.8,2.0,2.2,2.4,1.8,2.9,2.0,2.2,2.1,*,*,*,1.6,*,*
Female,"Asian or Pacific Islander, not Hispanic or Latino","All ages, age adjusted",methadone,*,*,*,*,*,*,*,*,*,*,*,*,*,*,*,*,*,*,*,*,…
Female,"Asian, not Hispanic or Latino","All ages, age adjusted",methadone,…,…,…,…,…,…,…,…,…,…,…,…,…,…,…,…,…,…,…,…,*
Female,"Native Hawaiian or Other Pacific Islander, not Hispanic or Latino","All ages, age adjusted",methadone,…,…,…,…,…,…,…,…,…,…,…,…,…,…,…,…,…,…,…,…,*
All,All,"All ages, age adjusted",synthetic opioids other than methadone,0.3,0.3,0.3,0.4,0.5,0.6,0.6,0.9,0.7,0.8,1.0,1.0,0.8,0.8,1.0,1.8,3.1,6.2,9.0,- - -,9.9
All,All,"All ages, crude",synthetic opioids other than methadone,0.3,0.3,0.3,0.5,0.5,0.6,0.6,0.9,0.7,0.8,1.0,1.0,0.9,0.8,1.0,1.7,3.0,6.0,8.7,- - -,9.6
All,All,Under 15 years,synthetic opioids other than methadone,*,*,*,*,*,*,*,*,*,*,*,*,*,*,*,*,*,*,0.1,- - -,0.0
All,All,15–24 years,synthetic opioids other than methadone,0.1,0.1,0.1,0.2,0.3,0.3,0.3,0.6,0.4,0.4,0.5,0.5,0.5,0.4,0.5,1.2,2.3,4.5,6.1,- - -,6.1
All,All,25–34 years,synthetic opioids other than methadone,0.3,0.2,0.4,0.5,0.6,0.7,0.7,1.3,1.0,1.0,1.2,1.4,1.2,1.3,1.5,3.4,6.6,13.6,19.5,- - -,20.9
All,All,35–44 years,synthetic opioids other than methadone,0.6,0.7,0.8,1.0,1.1,1.2,1.2,1.7,1.3,1.4,1.7,1.7,1.4,1.4,1.6,3.1,5.6,11.9,17.3,- - -,19.6
All,All,45–54 years,synthetic opioids other than methadone,0.5,0.6,0.7,0.9,1.0,1.3,1.3,1.9,1.6,1.7,2.2,2.1,1.9,1.8,2.0,3.1,4.6,9.0,13.6,- - -,14.7
All,All,55–64 years,synthetic opioids other than methadone,0.2,0.3,0.3,0.4,0.4,0.4,0.5,0.8,0.8,0.9,1.2,1.2,1.1,1.1,1.4,1.9,2.9,5.4,8.3,- - -,9.5
All,All,65–74 years,synthetic opioids other than methadone,0.1,*,*,0.2,0.2,0.2,0.2,0.2,0.3,0.3,0.5,0.3,0.3,0.4,0.4,0.5,0.7,1.3,1.9,- - -,2.6
All,All,75–84 years,synthetic opioids other than methadone,*,*,*,*,*,*,0.2,0.2,0.2,*,0.2,0.2,0.2,0.2,*,0.2,0.2,0.2,0.3,- - -,0.4
All,All,85 years and over,synthetic opioids other than methadone,*,*,*,*,*,*,*,*,*,*,*,*,*,*,*,*,*,*,*,- - -,*
Male,All,"All ages, age adjusted",synthetic opioids other than methadone,0.3,0.3,0.4,0.5,0.5,0.6,0.6,1.1,0.8,0.8,1.0,1.0,0.9,0.9,1.1,2.2,4.2,8.9,13.0,- - -,14.2
Male,All,"All ages, crude",synthetic opioids other than methadone,0.3,0.3,0.4,0.5,0.5,0.6,0.6,1.1,0.8,0.8,1.0,1.0,0.9,0.9,1.1,2.2,4.1,8.7,12.8,- - -,14.0
Male,All,Under 15 years,synthetic opioids other than methadone,*,*,*,*,*,*,*,*,*,*,*,*,*,*,*,*,*,*,0.1,- - -,*
Male,All,15–24 years,synthetic opioids other than methadone,0.1,0.1,0.2,0.3,0.3,0.4,0.5,1.0,0.6,0.6,0.7,0.7,0.7,0.6,0.8,1.7,3.2,6.4,8.5,- - -,8.4
Male,All,25–34 years,synthetic opioids other than methadone,0.4,0.3,0.4,0.7,0.8,0.9,0.9,1.8,1.4,1.2,1.5,1.8,1.5,1.5,2.0,4.8,9.8,20.0,28.3,- - -,29.8
Male,All,35–44 years,synthetic opioids other than methadone,0.7,0.7,0.9,1.1,1.3,1.4,1.3,2.2,1.5,1.5,1.8,1.8,1.4,1.6,1.7,3.9,7.9,17.4,25.4,- - -,28.6
Male,All,45–54 years,synthetic opioids other than methadone,0.6,0.7,0.7,0.9,1.0,1.2,1.3,2.2,1.4,1.7,2.1,1.9,1.8,1.7,1.9,3.6,5.8,12.4,19.5,- - -,21.2
Male,All,55–64 years,synthetic opioids other than methadone,0.2,0.2,0.3,0.3,0.3,0.3,0.4,0.8,0.6,0.7,1.0,1.1,1.0,1.1,1.4,2.0,3.6,7.5,12.1,- - -,13.9
Male,All,65–74 years,synthetic opioids other than methadone,*,*,*,*,*,*,*,*,0.2,0.3,0.3,*,0.3,0.3,0.3,0.4,0.8,1.7,2.7,- - -,4.3
Male,All,75–84 years,synthetic opioids other than methadone,*,*,*,*,*,*,*,*,*,*,*,*,*,*,*,*,*,*,0.4,- - -,0.6
Male,All,85 years and over,synthetic opioids other than methadone,*,*,*,*,*,*,*,*,*,*,*,*,*,*,*,*,*,*,*,- - -,*
Female,All,"All ages, age adjusted",synthetic opioids other than methadone,0.2,0.3,0.3,0.4,0.4,0.5,0.5,0.7,0.7,0.7,0.9,0.9,0.8,0.7,0.9,1.3,1.9,3.5,5.0,- - -,5.5
Female,All,"All ages, crude",synthetic opioids other than methadone,0.2,0.3,0.3,0.4,0.4,0.5,0.5,0.7,0.7,0.7,0.9,0.9,0.8,0.7,0.9,1.3,1.9,3.4,4.8,- - -,5.3
Female,All,Under 15 years,synthetic opioids other than methadone,*,*,*,*,*,*,*,*,*,*,*,*,*,*,*,*,*,*,*,- - -,*
Female,All,15–24 years,synthetic opioids other than methadone,*,*,*,0.1,0.2,0.1,0.1,0.3,0.2,0.2,0.2,0.4,0.3,0.2,0.3,0.6,1.3,2.5,3.7,- - -,3.8
Female,All,25–34 years,synthetic opioids other than methadone,0.2,0.2,0.3,0.4,0.4,0.5,0.6,0.7,0.7,0.7,0.9,1.0,0.9,1.0,1.0,1.9,3.3,7.1,10.3,- - -,11.8
Female,All,35–44 years,synthetic opioids other than methadone,0.5,0.6,0.7,0.9,1.0,1.1,1.1,1.3,1.2,1.3,1.5,1.5,1.4,1.1,1.4,2.3,3.4,6.5,9.3,- - -,10.5
Female,All,45–54 years,synthetic opioids other than methadone,0.5,0.6,0.7,0.9,1.0,1.4,1.3,1.7,1.8,1.7,2.3,2.2,1.9,1.9,2.2,2.6,3.4,5.8,7.8,- - -,8.4
Female,All,55–64 years,synthetic opioids other than methadone,0.3,0.4,0.4,0.5,0.4,0.6,0.6,0.8,0.9,1.0,1.4,1.3,1.1,1.1,1.5,1.7,2.1,3.5,4.8,- - -,5.4
Female,All,65–74 years,synthetic opioids other than methadone,*,*,*,0.3,0.2,0.3,0.3,0.2,0.4,0.4,0.7,0.5,0.3,0.4,0.5,0.6,0.6,0.9,1.2,- - -,1.1
Female,All,75–84 years,synthetic opioids other than methadone,*,*,*,*,*,*,*,*,*,*,0.3,*,*,0.3,*,*,*,*,0.3,- - -,0.3
Female,All,85 years and over,synthetic opioids other than methadone,*,*,*,*,*,*,*,*,*,*,*,*,*,*,*,*,*,*,*,- - -,*
Male,White,"All ages, age adjusted",synthetic opioids other than methadone,0.3,0.3,0.4,0.5,0.6,0.7,0.7,1.2,0.9,1.0,1.2,1.2,1.1,1.1,1.2,2.5,4.8,9.9,14.4,15.4,15.5
Male,Black or African American,"All ages, age adjusted",synthetic opioids other than methadone,*,0.1,0.2,0.1,0.2,0.2,0.2,1.5,0.2,0.2,0.3,0.3,0.3,0.3,0.5,1.5,3.1,8.4,13.6,16.7,17.1
Male,American Indian or Alaska Native,"All ages, age adjusted",synthetic opioids other than methadone,*,*,*,*,*,*,*,*,*,1.3,1.8,*,*,*,*,1.5,1.5,3.1,5.3,6.3,5.5
Male,Asian or Pacific Islander,"All ages, age adjusted",synthetic opioids other than methadone,*,*,*,*,*,*,*,*,*,*,*,*,*,*,*,0.2,0.4,1.0,1.4,1.6,…
Male,Hispanic or Latino,"All ages, age adjusted",synthetic opioids other than methadone,0.2,*,*,0.1,0.2,0.2,0.2,0.5,0.2,0.2,0.3,0.2,0.3,0.3,0.4,0.7,1.4,4.2,6.0,7.5,7.5
Male,"White, not Hispanic or Latino","All ages, age adjusted",synthetic opioids other than methadone,0.3,0.4,0.5,0.6,0.7,0.8,0.8,1.3,1.1,1.1,1.3,1.5,1.3,1.3,1.5,3.0,5.8,11.5,16.8,17.7,17.9
Male,"Black or African American, not Hispanic or Latino","All ages, age adjusted",synthetic opioids other than methadone,*,0.1,0.2,0.1,0.2,0.2,0.2,1.6,0.3,0.2,0.3,0.3,0.3,0.3,0.5,1.5,3.2,8.6,14.1,17.3,17.6
Male,"American Indian or Alaska Native, not Hispanic or Latino","All ages, age adjusted",synthetic opioids other than methadone,*,*,*,*,*,*,*,*,*,2.0,2.9,*,*,*,*,2.2,2.5,5.1,8.9,10.0,9.0
Male,"Asian or Pacific Islander, not Hispanic or Latino","All ages, age adjusted",synthetic opioids other than methadone,*,*,*,*,*,*,*,*,*,*,*,*,*,*,*,0.3,0.3,1.0,1.4,1.6,…
Male,"Asian, not Hispanic or Latino","All ages, age adjusted",synthetic opioids other than methadone,…,…,…,…,…,…,…,…,…,…,…,…,…,…,…,…,…,…,…,…,1.5
Male,"Native Hawaiian or Other Pacific Islander, not Hispanic or Latino","All ages, age adjusted",synthetic opioids other than methadone,…,…,…,…,…,…,…,…,…,…,…,…,…,…,…,…,…,…,…,…,*
Female,White,"All ages, age adjusted",synthetic opioids other than methadone,0.3,0.3,0.3,0.5,0.5,0.6,0.6,0.8,0.8,0.8,1.0,1.1,0.9,0.9,1.0,1.5,2.3,4.0,5.7,6.2,6.3
Female,Black or African American,"All ages, age adjusted",synthetic opioids other than methadone,*,*,0.1,0.2,0.1,0.2,0.2,0.4,0.2,0.2,0.3,0.4,0.3,0.3,0.4,0.7,1.1,2.9,4.2,5.3,5.3
Female,American Indian or Alaska Native,"All ages, age adjusted",synthetic opioids other than methadone,*,*,*,*,*,*,*,*,*,1.1,1.3,1.0,*,1.1,*,0.9,1.1,1.9,2.5,3.0,3.2
Female,Asian or Pacific Islander,"All ages, age adjusted",synthetic opioids other than methadone,*,*,*,*,*,*,*,*,*,*,*,*,*,*,*,*,*,0.3,0.4,0.4,…
Female,Hispanic or Latino,"All ages, age adjusted",synthetic opioids other than methadone,*,*,*,0.2,0.1,0.2,0.1,0.2,0.2,0.2,0.3,0.3,0.2,0.2,0.3,0.4,0.4,1.1,1.4,1.9,1.9
Female,"White, not Hispanic or Latino","All ages, age adjusted",synthetic opioids other than methadone,0.3,0.3,0.4,0.5,0.6,0.7,0.7,0.9,0.9,0.9,1.2,1.2,1.0,1.0,1.2,1.8,2.7,4.8,6.9,7.4,7.5
Female,"Black or African American, not Hispanic or Latino","All ages, age adjusted",synthetic opioids other than methadone,*,*,0.1,0.2,0.1,0.2,0.3,0.5,0.3,0.3,0.4,0.4,0.4,0.3,0.5,0.7,1.1,3.0,4.5,5.5,5.5
Female,"American Indian or Alaska Native, not Hispanic or Latino","All ages, age adjusted",synthetic opioids other than methadone,*,*,*,*,*,*,*,*,*,1.7,1.9,1.6,*,1.7,*,*,1.6,3.2,4.1,4.7,5.0
Female,"Asian or Pacific Islander, not Hispanic or Latino","All ages, age adjusted",synthetic opioids other than methadone,*,*,*,*,*,*,*,*,*,*,*,*,*,*,*,*,*,0.3,0.4,0.4,…
Female,"Asian, not Hispanic or Latino","All ages, age adjusted",synthetic opioids other than methadone,…,…,…,…,…,…,…,…,…,…,…,…,…,…,…,…,…,…,…,…,0.4
Female,"Native Hawaiian or Other Pacific Islander, not Hispanic or Latino","All ages, age adjusted",synthetic opioids other than methadone,…,…,…,…,…,…,…,…,…,…,…,…,…,…,…,…,…,…,…,…,*
All,All,"All ages, age adjusted",heroin,0.7,0.7,0.6,0.7,0.7,0.6,0.7,0.7,0.8,1.0,1.1,1.0,1.4,1.9,2.7,3.4,4.1,4.9,4.9,- - -,4.7
All,All,"All ages, crude",heroin,0.7,0.7,0.6,0.7,0.7,0.6,0.7,0.7,0.8,1.0,1.1,1.0,1.4,1.9,2.6,3.3,4.0,4.8,4.8,- - -,4.6
All,All,Under 15 years,heroin,*,*,*,*,*,*,*,*,*,*,*,*,*,*,*,*,*,*,*,- - -,*
All,All,15–24 years,heroin,0.5,0.6,0.5,0.6,0.6,0.6,0.7,0.7,0.8,1.1,1.2,1.2,1.8,2.2,2.9,3.3,3.8,4.0,3.4,- - -,2.7
All,All,25–34 years,heroin,1.0,1.0,1.0,1.1,1.1,1.1,1.2,1.2,1.5,2.0,2.3,2.2,3.4,4.6,6.3,8.0,9.7,11.3,10.8,- - -,10.2
All,All,35–44 years,heroin,1.8,1.5,1.5,1.7,1.5,1.2,1.2,1.3,1.4,1.7,1.8,1.6,2.2,3.1,4.4,5.9,7.4,9.0,9.1,- - -,9.1
All,All,45–54 years,heroin,1.3,1.2,1.2,1.4,1.5,1.2,1.4,1.4,1.5,1.7,1.8,1.4,2.0,2.8,3.7,4.7,5.6,7.0,7.2,- - -,7.0
All,All,55–64 years,heroin,0.3,0.3,0.3,0.3,0.3,0.4,0.4,0.4,0.5,0.7,0.7,0.7,1.0,1.3,2.1,2.7,3.4,4.3,4.8,- - -,4.9
All,All,65–74 years,heroin,*,*,*,*,*,*,*,*,*,0.1,0.1,*,0.2,0.1,0.3,0.5,0.6,0.9,1.2,- - -,1.4
All,All,75–84 years,heroin,*,*,*,*,*,*,*,*,*,*,*,*,*,*,*,*,*,*,*,- - -,*
All,All,85 years and over,heroin,*,*,*,*,*,*,*,*,*,*,*,*,*,*,*,*,*,*,*,- - -,*
Male,All,"All ages, age adjusted",heroin,1.2,1.1,1.0,1.2,1.2,1.1,1.1,1.2,1.3,1.6,1.8,1.6,2.3,3.1,4.2,5.2,6.3,7.5,7.3,- - -,7.1
Male,All,"All ages, crude",heroin,1.2,1.1,1.0,1.2,1.2,1.1,1.1,1.2,1.4,1.7,1.8,1.6,2.3,3.0,4.2,5.2,6.2,7.4,7.2,- - -,7.0
Male,All,Under 15 years,heroin,*,*,*,*,*,*,*,*,*,*,*,*,*,*,*,*,*,*,*,- - -,*
Male,All,15–24 years,heroin,0.8,0.9,0.8,0.9,1.0,1.0,1.0,1.2,1.3,1.8,1.8,1.9,2.8,3.2,4.2,4.8,5.2,5.7,4.7,- - -,3.7
Male,All,25–34 years,heroin,1.6,1.7,1.6,1.7,1.9,1.9,2.0,2.1,2.4,3.3,3.9,3.5,5.4,7.1,9.9,12.3,14.8,17.1,16.0,- - -,15.0
Male,All,35–44 years,heroin,3.0,2.6,2.3,2.8,2.4,2.0,1.9,2.1,2.4,2.8,3.0,2.8,3.6,5.1,6.9,9.2,11.4,13.8,13.5,- - -,13.7
Male,All,45–54 years,heroin,2.3,2.2,2.0,2.5,2.6,2.0,2.3,2.3,2.6,2.7,3.0,2.4,3.2,4.5,6.0,7.2,8.7,10.6,10.9,- - -,10.7
Male,All,55–64 years,heroin,0.5,0.4,0.5,0.6,0.6,0.6,0.7,0.8,0.8,1.2,1.3,1.1,1.7,2.3,3.6,4.4,5.6,6.8,7.6,- - -,7.7
Male,All,65–74 years,heroin,*,*,*,*,*,*,*,*,*,*,*,*,0.3,0.3,0.5,0.9,1.1,1.7,2.1,- - -,2.6
Male,All,75–84 years,heroin,*,*,*,*,*,*,*,*,*,*,*,*,*,*,*,*,*,*,*,- - -,*
Male,All,85 years and over,heroin,*,*,*,*,*,*,*,*,*,*,*,*,*,*,*,*,*,*,*,- - -,*
Female,All,"All ages, age adjusted",heroin,0.2,0.2,0.2,0.2,0.2,0.2,0.3,0.2,0.3,0.4,0.4,0.4,0.6,0.8,1.2,1.6,2.0,2.4,2.5,- - -,2.3
Female,All,"All ages, crude",heroin,0.2,0.2,0.2,0.2,0.2,0.2,0.3,0.2,0.3,0.4,0.4,0.4,0.6,0.8,1.1,1.5,1.9,2.3,2.4,- - -,2.2
Female,All,Under 15 years,heroin,*,*,*,*,*,*,*,*,*,*,*,*,*,*,*,*,*,*,*,- - -,*
Female,All,15–24 years,heroin,0.2,0.2,0.2,0.3,0.3,0.3,0.3,0.3,0.3,0.5,0.5,0.6,0.9,1.1,1.5,1.7,2.2,2.1,2.0,- - -,1.6
Female,All,25–34 years,heroin,0.3,0.4,0.3,0.4,0.3,0.4,0.5,0.4,0.5,0.6,0.7,0.9,1.4,2.0,2.6,3.7,4.6,5.4,5.4,- - -,5.2
Female,All,35–44 years,heroin,0.6,0.5,0.6,0.6,0.5,0.5,0.5,0.4,0.4,0.7,0.6,0.6,0.8,1.1,1.9,2.6,3.5,4.1,4.7,- - -,4.4
Female,All,45–54 years,heroin,0.3,0.3,0.3,0.4,0.5,0.4,0.5,0.5,0.5,0.7,0.7,0.5,0.8,1.1,1.6,2.2,2.7,3.6,3.5,- - -,3.4
Female,All,55–64 years,heroin,*,*,*,*,*,0.1,*,*,0.2,0.2,0.2,0.3,0.3,0.4,0.7,1.0,1.5,1.9,2.1,- - -,2.3
Female,All,65–74 years,heroin,*,*,*,*,*,*,*,*,*,*,*,*,*,*,*,*,0.2,0.3,0.4,- - -,0.4
Female,All,75–84 years,heroin,*,*,*,*,*,*,*,*,*,*,*,*,*,*,*,*,*,*,*,- - -,*
Female,All,85 years and over,heroin,*,*,*,*,*,*,*,*,*,*,*,*,*,*,*,*,*,*,*,- - -,*
Male,White,"All ages, age adjusted",heroin,1.2,1.1,1.1,1.2,1.3,1.1,1.1,1.2,1.5,1.9,2.0,1.8,2.6,3.5,4.7,6.0,7.2,8.3,8.0,7.8,7.8
Male,Black or African American,"All ages, age adjusted",heroin,1.4,1.6,1.3,1.6,1.3,1.1,1.3,1.2,1.3,1.3,1.5,1.2,1.6,2.1,3.4,4.1,5.0,7.1,7.8,7.6,7.8
Male,American Indian or Alaska Native,"All ages, age adjusted",heroin,*,*,*,*,*,*,*,*,*,1.1,1.7,*,1.3,1.7,2.6,3.5,4.0,4.3,4.2,4.7,4.3
Male,Asian or Pacific Islander,"All ages, age adjusted",heroin,*,*,*,*,*,*,*,*,*,*,*,*,0.3,0.3,0.5,0.6,0.8,0.8,0.9,0.6,…
Male,Hispanic or Latino,"All ages, age adjusted",heroin,2.0,1.6,1.4,1.8,1.8,1.3,1.4,1.4,1.4,1.7,1.7,1.5,1.7,2.2,2.6,3.2,3.8,4.4,4.7,4.9,4.9
Male,"White, not Hispanic or Latino","All ages, age adjusted",heroin,1.1,1.0,1.0,1.2,1.2,1.1,1.1,1.3,1.5,1.9,2.1,1.9,2.9,3.9,5.3,6.7,8.1,9.4,8.9,8.6,8.7
Male,"Black or African American, not Hispanic or Latino","All ages, age adjusted",heroin,1.4,1.7,1.3,1.6,1.3,1.1,1.3,1.3,1.3,1.3,1.6,1.3,1.6,2.2,3.5,4.2,5.1,7.3,8.0,7.8,7.9
Male,"American Indian or Alaska Native, not Hispanic or Latino","All ages, age adjusted",heroin,*,*,*,*,*,*,*,*,*,*,2.3,*,2.1,2.8,3.9,5.6,6.4,6.8,6.9,7.7,7.0
Male,"Asian or Pacific Islander, not Hispanic or Latino","All ages, age adjusted",heroin,*,*,*,*,*,*,*,*,*,*,*,*,0.3,0.4,0.5,0.5,0.8,0.8,0.9,0.6,…
Male,"Asian, not Hispanic or Latino","All ages, age adjusted",heroin,…,…,…,…,…,…,…,…,…,…,…,…,…,…,…,…,…,…,…,…,0.5
Male,"Native Hawaiian or Other Pacific Islander, not Hispanic or Latino","All ages, age adjusted",heroin,…,…,…,…,…,…,…,…,…,…,…,…,…,…,…,…,…,…,…,…,*
Female,White,"All ages, age adjusted",heroin,0.2,0.2,0.2,0.2,0.3,0.2,0.3,0.2,0.3,0.4,0.4,0.4,0.6,0.9,1.3,1.8,2.3,2.7,2.8,2.6,2.6
Female,Black or African American,"All ages, age adjusted",heroin,0.3,0.3,0.3,0.3,0.3,0.3,0.3,0.3,0.3,0.3,0.3,0.3,0.4,0.5,0.7,1.1,1.3,2.0,2.2,2.3,2.3
Female,American Indian or Alaska Native,"All ages, age adjusted",heroin,*,*,*,*,*,*,*,*,*,*,*,*,1.0,*,1.0,1.2,1.8,2.2,2.3,1.8,1.8
Female,Asian or Pacific Islander,"All ages, age adjusted",heroin,*,*,*,*,*,*,*,*,*,*,*,*,*,*,*,*,0.2,0.2,0.2,0.2,…
Female,Hispanic or Latino,"All ages, age adjusted",heroin,0.2,0.1,0.2,0.3,0.2,0.2,0.2,0.2,0.2,0.3,0.2,0.2,0.3,0.4,0.5,0.7,0.8,1.1,1.1,1.1,1.1
Female,"White, not Hispanic or Latino","All ages, age adjusted",heroin,0.2,0.2,0.2,0.3,0.3,0.3,0.3,0.2,0.3,0.4,0.5,0.5,0.7,1.1,1.5,2.1,2.7,3.1,3.2,3.0,3.0
Female,"Black or African American, not Hispanic or Latino","All ages, age adjusted",heroin,0.3,0.3,0.3,0.3,0.3,0.3,0.3,0.3,0.3,0.3,0.3,0.3,0.4,0.5,0.7,1.1,1.4,2.0,2.3,2.4,2.4
Female,"American Indian or Alaska Native, not Hispanic or Latino","All ages, age adjusted",heroin,*,*,*,*,*,*,*,*,*,*,*,*,*,*,1.6,1.9,2.5,3.3,3.6,2.6,2.7
Female,"Asian or Pacific Islander, not Hispanic or Latino","All ages, age adjusted",heroin,*,*,*,*,*,*,*,*,*,*,*,*,*,*,*,*,*,*,0.2,0.2,…
Female,"Asian, not Hispanic or Latino","All ages, age adjusted",heroin,…,…,…,…,…,…,…,…,…,…,…,…,…,…,…,…,…,…,…,…,*
Female,"Native Hawaiian or Other Pacific Islander, not Hispanic or Latino","All ages, age adjusted",heroin,…,…,…,…,…,…,…,…,…,…,…,…,…,…,…,…,…,…,…,…,*